{"links_info":null,"nodes_info":null,"sockets_info":null,"nodes":null,"selection":null,"view":{"scroll":{"x":-4.77655935287475586,"y":-1.72446417808532715},"visible_rect":{"max":{"x":1464.0655517578125,"y":788.81982421875},"min":{"x":-1655.8055419921875,"y":-597.78955078125}},"zoom":0.00288473465479910374}}